training_age,sets,reps,intensity,base_weight,tempo,training_frequency,motor_control,category,predicted_goal,cycle_length,periodization,weekly_progression
4.0581311290499436,4,7,9.3,196,3.9,4,1.5456603345982138,2,268.2835395342969,12,1,6.023628294524741
9.531785910894204,5,9,8.1,135,3.1,2,7.20999763578049,4,260.56928374082435,16,0,7.848080233801522
7.453942447208348,3,3,7.2,102,4.4,4,7.210869024140591,4,188.44784311387767,16,0,5.402990194617354
6.187255599871848,3,7,9.9,172,2.3,2,9.375461243618833,3,273.061236664403,14,2,7.218659761743071
1.982177084203147,3,3,9.7,107,3.8,3,5.475812015520752,1,159.5711346969063,10,0,5.257113469690632
1.981947943193925,3,4,9.8,196,3.4,3,3.072258286394632,1,247.46397097514335,10,0,5.146397097514336
1.0517943155978948,3,6,10.0,169,3.9,2,1.4010744110381124,0,215.51596614134033,8,0,5.814495767667541
8.728673384861883,3,3,7.5,140,2.2,3,4.740779680173151,4,234.4405565991548,16,0,5.902534787447175
6.210592611560483,3,7,8.2,167,3.7,2,3.7172503006975166,3,251.26061634353013,14,2,6.0186154531092955
7.226689489062432,4,4,9.3,112,3.7,2,7.84979475421488,4,213.08820804382177,16,0,6.31801300273886
0.6955526958101232,5,3,9.1,148,3.7,3,4.1884098835694195,0,191.3470363918351,8,0,5.418379548979388
9.714143595538946,3,5,7.5,159,3.8,2,9.541640766833595,4,272.5256099145619,16,0,7.09535061966012
8.408205087604006,4,9,9.4,101,4.0,4,9.660791826890058,4,224.75682844116713,16,0,7.734801777572946
2.5172215514436234,4,6,7.7,159,4.4,4,6.588177311959372,1,216.52003837948803,10,0,5.752003837948803
2.2273371884674558,5,3,7.7,104,2.8,3,9.357942583133946,1,160.35561138244057,10,0,5.635561138244057
2.2423428436076214,3,4,8.6,143,4.5,3,7.84768910063046,1,197.71027639980665,10,0,5.471027639980664
3.3903013081156086,5,5,8.8,126,3.5,2,5.921736768776135,2,196.0050156180891,12,1,5.833751301507424
5.48518610050626,3,8,8.7,131,2.2,2,2.6227714188050033,3,212.3156459322576,14,2,5.808260423732686
4.603477677100099,4,4,7.3,120,2.2,2,5.1273814916245595,2,186.01889365423762,12,1,5.501574471186468
3.2666768318813983,4,9,9.6,107,3.0,2,6.047870170263558,2,185.20521991044652,12,1,6.517101659203877
6.312602499862605,4,4,7.8,171,4.4,4,8.775654226615092,3,258.66430133882346,14,2,6.261735809915962
1.8251916761943974,4,5,7.4,149,4.1,4,5.332000388820984,1,195.59953399278666,10,0,4.659953399278666
3.2753741610845726,5,4,9.7,166,4.4,3,9.07907205410161,2,242.32160136982898,12,1,6.360133447485748
3.980437511290071,3,5,9.9,143,3.6,2,7.06914081121122,2,218.9472113071374,12,1,6.328934275594783
4.832664850061842,3,3,9.6,157,3.3,2,2.2329915674830425,2,227.0108061517193,12,1,5.834233845976608
7.9591716332336295,5,5,9.4,102,2.4,3,9.954832323925837,4,217.6056215517578,16,0,7.225351346984862
2.3969009305044175,3,5,9.0,185,3.0,2,5.745093946785214,1,241.79284836421317,10,0,5.679284836421317
5.385227164929311,4,6,8.7,169,3.3,2,4.52672466768171,3,251.37190432095707,14,2,5.883707451496933
6.127938404189403,3,5,7.3,101,2.3,2,6.932023880225739,3,180.92154305385384,14,2,5.7086816467038455
0.9412789208399783,4,5,8.2,186,2.7,2,1.9800398258293517,0,224.50029110546384,8,0,4.812536388182981
6.271676093063665,5,8,8.1,143,3.8,2,6.72884782078019,3,239.7666804756796,14,2,6.911905748262829
2.1199791750292696,3,3,7.8,101,4.2,3,5.484124004493457,1,145.18601940697437,10,0,4.418601940697437
1.1179901333601554,5,9,9.2,180,5.0,2,4.660066629987249,0,239.93402101186211,8,0,7.491752626482764
9.514412603906665,3,6,8.5,134,4.8,3,9.577180190610093,4,252.98107111716845,16,0,7.436316944823028
9.673504314208314,4,8,7.2,197,3.9,2,5.702857450588479,4,311.94232068954926,16,0,7.183895043096829
8.17977480710638,5,7,7.7,186,3.3,4,2.9720573152294456,4,288.39628442969524,16,0,6.399767776855953
3.3938308071470216,3,3,9.0,129,3.9,4,5.130671314395688,2,188.8466534287697,12,1,4.9872211190641424
1.4278850830606467,4,3,7.2,107,4.4,4,9.274486641154054,0,151.33481062621624,8,0,5.54185132827703
7.00021375186549,5,7,9.6,121,2.4,4,2.584859241975352,4,222.87899887788697,16,0,6.367437429867936
4.681448690526213,5,9,8.5,143,3.2,3,2.925613348194132,2,225.3400095465009,12,1,6.861667462208409
1.6593632310253987,3,5,8.4,157,4.5,3,1.1172661098137537,1,197.9508050129238,10,0,4.095080501292381
5.2041806460570665,3,8,8.8,135,3.2,2,1.1277104445619046,3,212.3250108352994,14,2,5.523215059664243
0.8266909505945748,3,4,9.5,168,3.7,4,8.464524642626614,0,216.81031456869653,8,0,6.101289321087066
9.13854381974843,4,6,8.0,176,3.8,3,7.589103461586602,4,289.4920057503673,16,0,7.093250359397956
2.9584098252001607,3,4,9.0,192,2.6,2,4.195369508067625,1,248.96033286370272,10,0,5.696033286370271
6.793961701362829,5,7,8.7,130,3.1,2,7.284800415048155,3,232.77889423347486,14,2,7.341349588105347
3.4612552228494042,5,3,7.8,146,3.0,3,4.556853336789732,2,205.5253217879798,12,1,4.960443482331651
5.440646201189203,3,9,9.6,154,2.1,4,9.576071163980448,3,251.8892763554843,14,2,6.992091168248878
5.693747653761156,3,3,9.4,179,2.1,2,9.703474132834314,3,266.1051924293407,14,2,6.221799459238623
2.2561173274925066,5,6,9.0,161,4.5,4,4.53514398228409,1,222.8516545933662,10,0,6.185165459336619
9.711053963763307,4,3,9.6,129,2.8,4,8.687997157067812,4,250.72042744570817,16,0,7.6075267153567605
7.863761821930588,3,3,9.6,154,3.6,4,7.957801375277196,4,256.8467966383605,16,0,6.427924789897531
9.425239944859797,3,6,9.1,115,2.9,2,3.789999434546104,4,227.58691871069755,16,0,7.036682419418597
9.000859829062664,5,8,9.5,111,4.8,4,3.0883584601099536,4,231.13941632266622,16,0,7.508713520166639
6.1800497987053085,3,8,9.1,116,2.8,2,5.124111853535505,3,208.62656616994573,14,2,6.616183297853267
9.25780523271961,4,6,9.0,115,3.3,4,8.032139565529656,4,235.11065121005137,16,0,7.506915700628211
1.3406787694932352,5,9,8.9,111,4.6,2,9.641510062558709,0,178.68769524978396,8,0,8.460961906222995
2.3618371929818793,3,7,9.3,107,4.5,4,7.872211619799153,1,172.20301497355376,10,0,6.520301497355376
0.9296592446501116,5,3,7.5,183,2.6,3,8.696862865165329,0,226.9825682549489,8,0,5.497821031868611
3.590638142251011,3,9,9.6,102,4.4,4,6.427578755534649,2,180.36647327131004,12,1,6.530539439275837
4.192434252050079,3,3,9.6,115,3.4,4,8.518670477579132,2,189.31747973276933,12,1,6.19312331106411
3.077815801852011,3,7,7.1,129,3.4,2,8.059787722030759,2,189.21220799786224,12,1,5.017683999821853
8.373006336943329,4,8,9.5,122,2.4,2,4.392869877336521,4,236.0733555115514,16,0,7.129584719471962
3.889156603589098,4,9,7.4,191,2.2,4,5.96791271908649,2,263.06512190734253,12,1,6.0054268256118775
3.1688778420301174,5,5,8.0,104,4.2,3,8.242778097907253,2,171.7151898831018,12,1,5.642932490258484
5.65561279000336,3,5,9.2,183,3.5,3,1.4145106077096075,3,260.3666682315913,14,2,5.526190587970807
1.8387801372602453,3,5,7.5,164,3.3,2,8.272713541202469,1,212.61931140988565,10,0,4.861931140988565
8.120871317163378,4,8,9.5,129,4.2,3,2.600993116441211,4,238.36846021196882,16,0,6.8355287632480515
1.2082311149578229,3,8,9.5,120,4.3,4,5.632152554092951,0,175.614077750802,8,0,6.951759718850251
9.875425897704915,4,7,8.5,183,2.5,2,8.274478956003438,4,307.91512561564446,16,0,7.8071953509777785
7.836325308318245,3,3,7.0,169,3.8,4,3.2843897034102536,4,251.61718702166132,16,0,5.163574188853833
2.387798974574638,5,7,7.9,121,2.4,2,3.212266953755377,1,178.42079222723015,10,0,5.7420792227230155
0.5524601126742228,3,7,8.9,181,4.3,2,4.624879586160267,0,224.85700028063417,8,0,5.482125035079271
8.246883570320925,3,8,9.9,171,4.0,2,9.051785178198712,4,290.05274632986544,16,0,7.44079664561659
7.2151447665523625,4,5,8.9,131,4.9,2,1.003985032934871,4,221.7271356818212,16,0,5.670445980113826
7.425568096389379,3,4,7.8,132,2.2,3,9.112447869777414,4,226.07321657578117,16,0,5.879576035986323
7.827068293516485,3,3,8.9,115,2.2,4,2.38426322177447,4,205.69294118079358,16,0,5.668308823799599
1.2034241914738584,4,8,8.6,175,2.8,4,9.91077738460734,0,235.49355960870187,8,0,7.561694951087734
3.90542442117059,5,5,9.3,137,2.8,4,9.593622937346213,2,219.13382977538404,12,1,6.844485814615337
1.6007560654887323,5,9,7.3,197,2.7,2,5.45207670632155,1,252.4841635833922,10,0,5.548416358339219
8.699482545818139,4,4,9.3,113,4.7,3,5.614482230313653,4,222.51758371201558,16,0,6.844848982000974
6.4213322048618,4,4,8.6,135,2.7,4,5.333944062482688,3,222.37157373261843,14,2,6.240826695187031
3.6435312361001673,4,8,9.9,196,2.8,3,6.7189928109357036,2,277.7267391052049,12,1,6.810561592100409
1.1038043277172245,4,6,8.0,122,4.3,2,1.8164953201143792,0,162.55517760190935,8,0,5.069397200238669
3.454332056298791,4,3,8.9,165,3.3,4,1.2935615350740985,2,222.0749987530015,12,1,4.756249896083458
3.5892415592540967,5,4,9.8,184,4.3,3,1.5193263557430896,2,251.99292200764742,12,1,5.666076833970618
7.431258694211609,5,8,7.3,101,2.2,2,4.999288143173629,4,200.4490017684533,16,0,6.21556261052833
6.556795977874525,4,8,9.8,190,3.5,3,3.4799314529753507,3,289.67426500245926,14,2,7.119590357318519
8.928521054475102,3,5,9.1,172,2.1,4,6.598356061338944,4,282.8257025278092,16,0,6.926606407988075
4.986041789038518,4,9,7.2,164,2.2,4,9.931980604373011,2,249.78630521886765,12,1,7.148858768238971
1.636145336413866,3,6,7.9,174,4.7,2,4.476908557688193,1,219.3045255278432,10,0,4.53045255278432
7.275825478618453,4,3,9.1,166,2.4,2,6.16457128694062,4,261.95346075935856,16,0,5.99709129745991
7.727457961860526,4,7,7.2,151,3.6,2,4.74043506316602,4,246.93031628963325,16,0,5.995644768102078
5.832133376910214,5,9,8.7,161,3.2,3,8.625445009496733,3,262.0952345295268,14,2,7.2210881806804865
7.824188209568329,3,9,8.0,122,3.0,3,9.120127631160143,4,230.27369712328687,16,0,6.767106070205429
5.191058165461712,3,5,8.9,125,4.7,3,8.89620050984734,3,208.37276608846472,14,2,5.955197577747479
5.465961879128944,5,4,7.1,167,2.1,2,9.769350148113318,3,248.88172025520151,14,2,5.848694303942965
4.561639674406221,5,4,9.6,181,4.0,4,1.2476726662637376,2,255.3646263946454,12,1,6.1970521995537835
0.7414817040689043,5,5,9.9,154,4.9,4,8.558345459309779,0,212.2693718215159,8,0,7.283671477689488
1.5249685564363924,5,8,9.9,105,3.7,3,7.765949557351839,1,174.3486727875189,10,0,6.93486727875189
0.7985772640239754,3,4,9.2,134,4.8,3,3.058249684603283,0,172.97599263909675,8,0,4.871999079887093
6.545898907005914,3,6,7.4,121,2.2,4,9.606880840487747,3,210.77751251677893,14,2,6.412679465484209
3.4863818202251036,4,3,9.3,142,3.3,4,2.333601354069509,2,202.89145659290512,12,1,5.07428804940876
5.331421566064677,4,9,7.1,114,2.8,3,7.115949344205175,3,197.82529654482516,14,2,5.987521181773226
9.121881502297883,5,9,7.1,185,4.2,3,3.0240119513432124,4,296.0110699453979,16,0,6.938191871587367
2.868276176914312,5,6,8.0,159,4.9,4,4.882425838966672,1,221.2698481737645,10,0,6.22698481737645
4.398637768838483,5,4,8.5,111,2.8,2,7.47243907250112,2,187.89776075945954,12,1,6.408146729954962
7.677735816158963,4,9,9.3,148,4.0,3,6.06992177829742,4,260.02676919671785,16,0,7.001673074794866
2.6735825721704134,4,7,9.0,141,2.6,4,4.847516481953005,1,205.65993530029283,10,0,6.465993530029283
1.2313091433735335,4,3,8.3,137,3.7,4,3.937045878387885,0,177.2560419645701,8,0,5.032005245571263
3.252638802680796,4,3,7.8,181,3.4,4,8.556936901379114,2,241.85651577351504,12,1,5.071376314459587
2.0316022289130418,4,9,10.0,144,4.9,4,2.294329152833323,1,208.69431156055433,10,0,6.469431156055433
9.332127697254444,4,5,8.3,134,3.8,2,4.8709258887682,4,244.46341041118785,16,0,6.903963150699241
8.17714360586196,4,9,8.4,129,3.0,4,9.13381814597628,4,245.11787606586012,16,0,7.257367254116257
6.517335686849023,5,5,7.5,187,2.3,3,8.612645954139708,3,279.55765442600176,14,2,6.611261030428698
8.778875606783318,5,9,9.4,129,2.5,2,4.6084758622574205,4,251.14371864765266,16,0,7.633982415478291
8.134884730541588,5,7,9.1,177,2.7,4,7.867975272411774,4,293.38104075295035,16,0,7.273815047059397
2.2724155594173405,5,8,7.7,105,2.8,2,8.408447476379735,1,170.29199568990833,10,0,6.529199568990833
8.97931048565479,4,3,7.2,166,4.6,3,8.999986816032667,4,270.33446410928735,16,0,6.52090400683046
5.623751298198682,3,9,9.0,179,3.7,4,5.900551921443052,3,269.84083826775407,14,2,6.4886313048395765
8.170681474058593,4,7,9.0,106,3.6,3,2.8401479744924063,4,211.62567375420736,16,0,6.60160460963796
9.012867349273186,3,5,7.8,151,2.3,4,3.297781688535385,4,251.04961132698855,16,0,6.253100707936785
3.521033012232707,5,5,9.9,113,4.6,4,3.6612520663744377,2,186.1601421974233,12,1,6.096678516451942
1.545493283012929,4,3,7.5,172,4.2,4,6.3442223272865395,1,214.38027975503326,10,0,4.238027975503326
2.665384044148446,5,6,8.3,114,2.2,4,1.295286617157476,1,170.7660022789238,10,0,5.676600227892379
4.557523991949435,4,9,9.8,120,4.1,4,6.724382219019715,2,210.54676526412504,12,1,7.5455637720104205
8.271140276263685,5,4,8.3,134,3.6,2,4.2791881458540875,4,236.08790442889062,16,0,6.380494026805664
8.676940540935263,3,5,8.9,165,2.2,4,3.6571762224067794,4,268.4012886610923,16,0,6.4625805413182675
0.5660452400463116,3,8,8.2,190,3.4,4,8.915469136553138,0,238.9015656252002,8,0,6.112695703150024
5.352099374486874,3,8,7.8,101,3.5,2,5.14002156022719,3,180.52682733623578,14,2,5.680487666873985
4.465404529913401,4,5,10.0,134,2.5,2,1.855477409794235,2,209.50645235399855,12,1,6.292204362833213
2.6100241994719373,3,6,8.2,181,4.8,2,8.440720912236223,1,241.54127496412983,10,0,6.054127496412983
1.6387209896699866,4,6,9.7,177,4.5,2,1.4287713169285594,1,229.75292489275273,10,0,5.275292489275273
3.7073441283344657,3,7,7.7,119,4.0,2,7.54074301751377,2,186.46986755294637,12,1,5.622488962745531
9.457642187168933,3,8,7.6,181,3.4,2,7.965155995935986,4,296.6088714912554,16,0,7.2255544682034625
3.570427854197175,4,7,7.1,109,3.2,4,4.173423453359724,2,170.32355801361697,12,1,5.110296501134748
5.428510906561978,4,8,9.0,124,4.0,4,8.42309070650008,3,218.06272331224594,14,2,6.71876595087471
7.17868010950419,3,9,8.1,165,3.6,3,5.640934652708081,4,263.3908428550956,16,0,6.149427678443477
3.9544812226032926,4,9,9.6,124,2.2,4,5.169642879455171,2,206.39031410000908,12,1,6.86585950833409
9.731929785849127,3,4,8.4,153,3.5,4,1.408629533218233,4,256.96838258662035,16,0,6.498023911663772
9.643249301950057,4,9,9.9,132,4.4,2,3.610262742840153,4,259.06138852986066,16,0,7.9413367831162915
2.8919318103409593,5,4,7.6,135,3.4,2,9.379089737967698,1,198.20408908967923,10,0,6.320408908967923
5.223860805977662,5,9,9.6,194,2.2,4,4.5264156695515005,3,288.5805099521486,14,2,6.755750710867757
3.3583439432593116,5,3,9.3,113,4.4,3,5.920304685010915,2,181.24720857359085,12,1,5.687267381132571
3.205984696585942,5,9,9.3,164,2.6,2,5.7881951108582665,2,242.83017023897494,12,1,6.569180853247912
0.8504259998680616,5,7,9.5,179,2.8,4,6.31387980840424,0,236.77422771155085,8,0,7.221778463943856
6.29086117280902,3,5,9.3,153,2.5,4,1.5519786007895435,3,236.15485728365647,14,2,5.939632663118319
5.2754507206741845,5,7,8.9,151,3.0,3,4.259586293188555,3,238.09298520517632,14,2,6.220927514655451
0.9890481368748989,5,5,7.4,102,4.3,3,7.508154464942987,0,148.17461679241367,8,0,5.771827099051709
3.1471414102478086,5,6,7.1,198,3.6,2,2.8050422596568465,2,254.88469467146774,12,1,4.7403912226223115
9.128525916683211,5,7,9.8,140,2.6,3,2.832205397917244,4,260.27651543034153,16,0,7.517282214396346
2.775837961336238,4,6,8.8,105,4.6,4,1.0908154602012226,1,161.8429268809917,10,0,5.6842926880991715
1.8765012848666194,3,4,9.4,124,4.6,4,4.9373373394738875,1,175.4180162881438,10,0,5.14180162881438
5.149801222636849,5,4,8.4,112,4.6,3,8.944609426060797,3,196.615323920186,14,2,6.043951708584714
9.863679314050707,5,3,7.4,197,2.7,3,1.467108492285781,4,301.1100972508343,16,0,6.506881078177145
2.799525079359254,5,9,7.4,107,3.4,3,2.7200683854640237,1,168.47630321307005,10,0,6.147630321307005
6.885287700355846,3,7,9.1,120,5.0,3,3.7907608450847956,3,214.26844287047396,14,2,6.733460205033855
7.735386345622817,4,6,8.3,197,4.3,2,7.585522629077916,4,300.76137470859936,16,0,6.48508591928746
2.7575566679277967,3,5,7.6,167,2.1,3,6.765720335223278,1,221.20903384625728,10,0,5.420903384625729
7.418055311812666,4,4,8.5,124,2.2,2,4.7434951412366955,4,217.95968520635637,16,0,5.872480325397273
3.9939397608329057,5,9,7.2,178,3.4,4,7.831620453325382,2,255.6989487666513,12,1,6.474912397220943
6.506905390639005,5,4,8.7,167,4.7,3,6.486679104912117,3,260.28526178248023,14,2,6.663232984462874
6.5185322522285,3,5,7.8,144,3.6,2,9.064367196914972,3,232.74480881320045,14,2,6.338914915228604
5.589859498710205,3,9,9.4,159,3.5,3,8.362240742248236,3,255.262237103054,14,2,6.875874078789571
1.357752815516879,4,9,7.9,111,2.3,4,3.2753224548028053,0,161.27500620633924,8,0,6.284375775792405
8.43537370809776,4,6,8.4,131,4.0,4,3.442947198707802,4,234.6474104628438,16,0,6.477963153927737
3.5474106172314905,3,6,7.0,195,4.5,4,2.1282082821314705,2,247.57159736104913,12,1,4.380966446754094
2.271925848798615,4,7,7.2,191,3.1,3,4.032682531457109,1,242.2244305875746,10,0,5.12244305875746
0.8873638447702572,3,7,8.2,112,4.3,3,9.995895268471848,0,163.09275366086982,8,0,6.386594207608727
6.113482960288297,4,8,8.4,130,4.9,2,4.651760517535549,3,220.88550445860972,14,2,6.491821747043551
6.936861437501683,3,8,8.8,177,2.6,4,2.9843959122019577,3,270.9714853683164,14,2,6.712248954879742
0.6575843748146335,3,3,7.9,119,3.6,3,7.862345960279977,0,155.55419393893703,8,0,4.569274242367129
5.364884053843169,3,4,9.1,117,2.9,4,5.882239031163905,3,196.2424309774912,14,2,5.660173641249372
2.6517098643804107,4,7,9.6,192,4.4,4,2.346413045742573,1,255.73329848365714,10,0,6.373329848365714
6.629141508889774,4,6,9.3,159,3.7,2,4.426207130447792,3,254.17244276678989,14,2,6.798031626199277
2.1564810755474184,4,5,7.1,162,3.9,2,4.73022743985409,1,208.84718976416048,10,0,4.684718976416048
7.063908511973427,3,6,8.4,105,4.4,2,7.784467305122967,4,201.18796905347187,16,0,6.011748065841992
4.173985789855106,4,4,7.3,131,3.2,2,1.1860423200271402,2,187.67094979888157,12,1,4.722579149906797
9.398934892998978,4,8,7.7,192,4.7,4,3.4211768211847944,4,303.82324437576904,16,0,6.988952773485565
1.8064489693869359,3,6,10.0,142,3.6,2,5.658366711839698,1,200.93914182285502,10,0,5.893914182285502
3.7401303349774557,5,3,7.4,101,2.5,2,3.41962068207559,2,159.05047370293303,12,1,4.837539475244419
1.577998451785596,3,4,8.5,159,4.1,2,6.65590642677099,1,206.10784725444125,10,0,4.7107847254441255
9.284589373646346,4,8,8.9,122,4.4,2,5.3368073134715495,4,241.7819259593781,16,0,7.486370372461131
8.83472385711932,3,5,9.1,182,3.0,4,4.255392293736225,4,288.5608792975589,16,0,6.660054956097433
2.9504454632939785,5,8,8.7,130,4.6,2,9.54287764183461,1,207.41788016910374,10,0,7.741788016910374
6.7698484373247005,3,9,7.0,104,4.7,4,6.6894354926781165,3,195.19294073761478,14,2,6.5137814812581984
8.263610901911552,4,3,8.0,182,2.8,3,2.1694723504114712,4,274.3630957409096,16,0,5.772693483806851
5.774407710194892,5,4,8.6,133,5.0,4,6.040825276990559,3,219.25649959704498,14,2,6.16117854264607
5.531680494382061,4,5,7.3,109,2.4,4,8.026586678808108,3,188.79332397326866,14,2,5.699523140947761
2.797596763554291,5,3,8.1,188,2.6,2,7.376407277435176,1,247.9453850245871,10,0,5.99453850245871
1.3844762941560425,5,8,7.1,101,2.6,3,2.5488030636573344,0,147.39901494873436,8,0,5.799876868591795
9.023549700556604,3,3,7.2,110,4.7,3,9.75177999136093,4,212.81606759149423,16,0,6.4260042244683895
9.05397154305164,3,4,8.2,149,4.0,3,5.039322811719454,4,251.99075656199227,16,0,6.436922285124517
6.514463844096046,4,7,7.4,130,2.5,3,2.4312250336623515,3,213.7625483032619,14,2,5.983039164518707
3.7207830149626564,3,3,8.7,155,3.3,4,2.621761787153331,2,212.19890680043125,12,1,4.7665755667026035
3.8174909588202786,3,9,9.1,178,3.8,3,1.8841149297017243,2,248.86610006511484,12,1,5.90550833875957
7.396578949267274,5,3,9.4,172,2.3,4,8.231662975914409,4,276.5201260580098,16,0,6.532507878625612
9.022547469549483,3,8,7.6,186,4.6,4,2.098274448896638,4,289.3277914297408,16,0,6.457986964358799
8.927321030518614,5,8,7.5,182,4.4,4,2.126127314275722,4,290.1077592155625,16,0,6.756734950972657
7.908817685647427,5,5,7.3,108,3.5,3,8.654244532847539,4,210.75190828445074,16,0,6.421994267778171
6.599300638465734,5,8,8.9,198,4.9,2,4.101436760028037,3,297.44656024776793,14,2,7.103325731983424
1.299329667452964,4,6,9.1,120,3.3,2,1.2777211387726521,0,166.81121904778269,8,0,5.851402380972836
2.0354727838988307,4,4,7.1,172,5.0,3,1.467057695665698,1,210.98436881468922,10,0,3.898436881468922
9.036264791007254,4,4,9.8,127,4.0,2,2.27953402033506,4,236.70941935856064,16,0,6.85683870991004
6.261076066766105,5,7,7.2,161,3.9,2,2.920540131781206,3,245.46941873180066,14,2,6.033529909414333
0.5873719903579817,4,7,8.6,106,2.5,4,6.986315748145648,0,155.17844954508232,8,0,6.1473061931352895
1.463979657227305,4,4,9.1,179,4.6,4,2.415936520016454,0,224.83574203784312,8,0,5.72946775473039
6.80326680652653,3,9,9.6,115,3.3,3,2.069869520593648,3,212.53093873310272,14,2,6.966495623793051
0.5480850465390775,4,7,9.1,196,2.5,3,7.8824722732865125,0,248.7083887822424,8,0,6.588548597780299
2.0276764884662373,4,5,9.4,103,2.0,2,7.03949755473923,1,163.78065823983874,10,0,6.0780658239838745
5.712970998982568,5,8,8.0,103,3.7,4,4.9179179930971255,3,192.08064498150625,14,2,6.362903212964732
7.073004378080586,5,4,9.4,139,3.6,3,5.9437879433209355,4,239.4997169396261,16,0,6.281232308726631
6.693631965274705,5,7,7.2,116,4.2,3,3.8078561829377664,3,205.2608399966043,14,2,6.375774285471735
2.630558439875318,5,4,9.7,151,4.7,3,5.342503782118246,1,216.55822319217992,10,0,6.5558223192179925
7.265702602801591,5,6,8.6,192,2.2,3,5.560053840844712,4,293.4657015836798,16,0,6.341606348979987
2.7538663312196006,5,3,9.5,151,4.2,3,4.485135440602863,1,213.2586338106611,10,0,6.225863381066111
3.591297132513043,4,8,8.4,135,2.6,3,9.159149896049465,2,212.46910190417853,12,1,6.455758492014877
7.591668348621229,5,4,8.9,137,4.6,2,1.1445567848290552,4,231.95018196621342,16,0,5.934386372888339
6.671512540948539,5,3,8.6,149,4.5,4,8.039541367821215,3,243.43141237932014,14,2,6.745100884237153
8.56762239969469,3,7,9.2,162,3.6,4,2.119445481171919,4,267.7201474193154,16,0,6.607509213707214
6.747322476853262,4,3,7.2,162,4.1,3,8.177926244834795,3,247.2454691820783,14,2,6.088962084434164
5.8989317316869805,4,8,7.2,161,2.9,4,6.5432072410904905,3,247.00626471513158,14,2,6.143304622509398
1.3899102943668784,4,4,7.7,198,3.4,4,8.589502818427622,0,245.50353658257646,8,0,5.937942072822057
3.9933001290646186,5,6,7.5,106,4.5,4,1.8776289307680771,2,170.26284442866907,12,1,5.355237035722422
3.0194224929763918,5,9,9.6,126,3.4,3,6.030825706897966,2,205.2016185041581,12,1,6.600134875346508
2.817901612101294,5,7,7.7,191,3.1,3,5.509790922359774,1,254.30789928035003,10,0,6.330789928035003
9.743600270148233,3,4,9.9,185,3.5,4,7.355738646670228,4,305.4824101311912,16,0,7.530150633199451
4.234428384334224,5,8,8.0,113,4.5,4,5.8086149670430824,2,191.5883495252384,12,1,6.549029127103201
8.974442274182577,3,7,7.5,170,3.0,3,5.866611104197938,4,276.0954548497575,16,0,6.630965928109845
6.4958169469739975,4,5,9.4,185,2.5,2,4.866363492184583,3,278.26608081406886,14,2,6.661862915290633
8.05070738364566,5,3,9.0,104,4.1,4,3.7795098160660676,4,205.07492379326436,16,0,6.317182737079023
5.275052384499325,3,9,8.5,154,4.5,2,5.34037925126973,3,238.7109879528992,14,2,6.050784853778514
5.980586903950411,3,8,8.7,101,2.3,4,2.0664312289156053,3,185.4443420749767,14,2,6.031738719641193
5.178918091279207,5,5,9.2,161,2.7,2,9.653620050847763,3,252.91177480650532,14,2,6.565126771893238
2.354808384081423,4,4,7.7,190,2.4,2,7.429696872639385,1,243.48301238161045,10,0,5.348301238161045
7.3632950949843,4,6,10.0,120,3.0,2,9.57220405019062,4,232.26466683516034,16,0,7.016541677197521
3.16733744318813,4,7,9.9,178,3.4,3,3.040546440969669,2,248.39951920695955,12,1,5.866626600579963
0.7310016810988115,3,3,9.0,120,4.2,2,8.914069181588752,0,164.2191172211736,8,0,5.527389652646701
6.631986811118094,3,7,7.6,109,4.0,2,8.279109861071845,3,200.4745592805525,14,2,6.533897091468036
2.182551454366965,3,9,9.0,186,3.9,2,7.094371712119063,1,251.10196920311432,10,0,6.510196920311432
9.434356551352685,3,4,7.2,157,3.1,4,6.6252626747668515,4,260.41274642297174,16,0,6.4632966514357335
9.562321481524581,4,7,7.1,138,4.5,2,3.8489469874108297,4,246.77199233331288,16,0,6.798249520832055
9.191211707094261,5,3,7.8,104,3.4,4,8.347697064685278,4,215.051239253782,16,0,6.940702453361375
4.016507652426721,3,4,8.4,164,4.9,2,5.513639153317604,2,228.40251994939018,12,1,5.366876662449182
0.6468378570242406,3,7,9.6,112,3.9,2,1.6380241830215683,0,155.6317391307263,8,0,5.453967391340786
9.31902634458339,4,6,9.2,184,2.4,3,3.81576844769617,4,299.2758634282114,16,0,7.204741464263211
4.567749409014486,5,8,9.2,189,4.0,4,9.417673886907949,2,281.66850610247775,12,1,7.7223755085398125
9.68322078091486,5,4,8.3,184,3.0,2,8.656122345443617,4,303.9499497654843,16,0,7.496871860342768
9.654389782347902,4,8,8.0,152,4.1,4,9.837151282688852,4,276.99084518281654,16,0,7.811927823926034
8.60358982693992,4,4,8.1,181,2.2,4,6.6519404434368825,4,285.3066292806747,16,0,6.5191643300421696
3.297264474661064,5,6,10.0,144,2.5,3,3.2275906582637077,2,217.21950178468407,12,1,6.101625148723673
4.158428421718289,3,8,7.1,131,4.6,3,2.465335447091774,2,193.465430544384,12,1,5.205452545365333
8.585798379410141,5,5,9.6,135,2.7,3,2.6822299654761546,4,245.70973198349537,16,0,6.919358248968461
3.510759048984638,4,3,8.7,180,4.5,3,1.1781609251252894,2,236.35331377956504,12,1,4.69610948163042
2.1101810935178786,3,5,8.3,198,2.8,3,4.516138998873453,1,247.15565724645322,10,0,4.9155657246453215
5.789611993354327,3,7,9.2,159,3.9,3,2.7228491244958826,3,243.40116963357843,14,2,6.028654973827031
9.39347035452742,4,6,8.5,110,4.1,3,4.704899144110322,4,223.70511155238484,16,0,7.106569472024052
7.112283068412244,4,5,9.6,162,3.5,3,9.41494988654889,4,268.0206893771213,16,0,6.626293086070081
5.915581115848967,4,4,9.7,120,2.9,2,4.87486188556471,3,208.1369417551388,14,2,6.295495839652771
1.4231766908223011,5,7,8.3,151,2.6,4,8.901860472863515,0,211.2382042358737,8,0,7.529775529484212
6.342568653642113,5,7,7.8,154,2.1,3,6.449542899542888,3,247.41486357845122,14,2,6.672490255603658
9.9055115759905,3,5,8.8,125,2.9,3,3.2241839919525273,4,237.0803685958528,16,0,7.0050230372408
1.8307981447469783,4,5,9.7,167,4.0,4,4.202692833332902,1,223.4504244079752,10,0,5.6450424407975195
5.424131697455499,3,6,7.6,133,4.8,2,1.7552758223928646,3,203.0259673132333,14,2,5.001854808088093
8.835044183315576,3,3,8.9,151,4.6,4,4.001163342364094,4,252.18209848007075,16,0,6.323881155004422
7.537301868664942,3,5,8.9,181,4.3,4,7.097868509531806,4,280.44521771361724,16,0,6.2153261071010775
7.121649539455046,3,9,9.2,198,4.4,3,1.6489998363649168,4,295.4466960701878,16,0,6.0904185043867365
7.173598797877538,4,5,7.4,192,4.0,4,2.848612676302264,4,277.6617093974737,16,0,5.353856837342107
3.915165936587674,3,8,9.1,151,2.8,4,4.432969372719803,2,224.4707815517811,12,1,6.122565129315092
3.289122520512687,4,4,9.7,128,4.7,3,9.838445833143663,2,202.570648913817,12,1,6.214220742818083
8.18893097704588,4,9,7.5,137,4.0,3,8.06375640662992,4,247.1070824263119,16,0,6.881692651644494
8.196077249452216,5,9,7.7,141,3.7,3,7.601380718428935,4,254.47068907326113,16,0,7.09191806707882
8.737187026510986,4,8,9.9,120,2.3,3,2.045718608729014,4,235.46607412518142,16,0,7.216629632823839
9.175785249286477,5,8,7.5,141,3.3,4,8.028963042534922,4,259.9497265580942,16,0,7.434357909880887
5.357752789178909,4,7,9.6,112,3.4,4,8.067419303644137,3,205.9631512688975,14,2,6.711653662064107
5.264404799528396,4,3,8.5,163,4.6,2,6.409924260618954,3,240.2301247871556,14,2,5.516437484796829
8.083804200184364,4,4,7.7,116,3.6,2,9.913256037985347,4,219.04031765845292,16,0,6.4400198536533075
6.674657342388769,5,6,9.6,108,3.1,4,3.9272851533209674,3,207.2881864690916,14,2,7.09201331922083
7.168685333948182,5,9,8.3,140,4.9,2,9.471452034176664,4,251.05666072285047,16,0,6.941041295178154
8.06003035964296,3,6,8.5,100,2.3,4,9.232580034608532,4,206.82911292905646,16,0,6.676819558066029
8.95505074726688,5,5,8.1,101,3.3,2,1.1033259377444007,4,204.79539488475166,16,0,6.487212180296979
3.7109539900895903,5,5,8.8,159,2.1,3,5.051048738273299,2,230.26420502812667,12,1,5.938683752343889
4.068038050079468,5,6,7.5,147,4.2,2,9.79393809746416,2,223.735211546832,12,1,6.394600962236001
1.3928284284882555,5,5,8.2,128,4.8,3,1.928092261672682,0,173.03476582041506,8,0,5.629345727551883
5.993661339463653,3,3,9.9,196,2.8,3,5.930062249449875,3,282.34438408988404,14,2,6.167456006420289
0.8414516010690498,5,8,7.8,109,4.6,3,9.810617563369936,0,165.4475391536073,8,0,7.055942394200912
4.923181172258372,4,5,9.0,157,2.9,3,5.999458816952742,2,237.3846376034961,12,1,6.69871980029134
5.655124029721978,4,7,8.0,159,4.7,2,2.708337726749404,3,239.30349882789994,14,2,5.735964201992853
3.222141895218702,5,5,9.3,120,4.3,4,6.239649070833308,2,191.63660876799958,12,1,5.969717397333298
6.112915975405603,5,4,7.4,127,4.4,3,2.8399651655459217,3,205.16327555156371,14,2,5.58309111082598
0.7897523744209696,4,3,9.9,174,2.1,2,5.677338366050358,0,221.3340265444433,8,0,5.916753318055413
0.854807793117537,4,4,8.4,133,4.9,3,1.666379961211132,0,169.338032286757,8,0,4.542254035844625
8.314705326266754,3,4,7.7,107,4.2,2,6.449344022929642,4,203.6916586445285,16,0,6.043228665283031
3.9218110934069976,4,7,7.2,158,2.9,2,5.651109452153424,2,224.8511529254861,12,1,5.570929410457175
1.7070748701929055,4,3,7.5,185,4.5,2,7.661452318853168,1,230.648777439823,10,0,4.564877743982299
5.461310970520642,5,3,8.6,171,2.8,4,6.676304240429065,3,253.70494412480875,14,2,5.907496008914911
7.8149387544368025,4,3,8.0,148,4.6,2,5.94645641677681,4,242.43919466065964,16,0,5.902449666291227
2.55029976122001,3,3,9.5,178,2.3,2,7.2080096432330905,1,236.7144125546097,10,0,5.8714412554609705
6.417459520280502,4,3,8.3,116,4.1,4,2.295477222150078,3,195.28289199546913,14,2,5.663063713962081
1.310800917440796,5,7,7.7,159,3.6,4,6.358236951327436,0,211.52376276651754,8,0,6.565470345814692
0.9909763511017731,5,5,8.9,186,2.3,2,2.548995425404999,0,232.25130394692167,8,0,5.781412993365208
5.547868999897406,4,4,9.1,187,2.7,4,9.329699870666929,3,275.87750180517963,14,2,6.348392986084259
5.6360336552960115,5,3,7.5,144,2.0,3,1.615006943610438,3,215.01077965778373,14,2,5.072198546984552
6.555584064232963,3,9,7.5,182,3.4,3,4.8733727472171395,3,271.2547316346894,14,2,6.375337973906385
7.397867670365285,3,5,7.1,168,2.9,4,7.262177298899004,4,257.5762073112708,16,0,5.598512956954426
9.770594754894079,4,5,9.2,131,3.8,4,5.1221999050143285,4,249.8480578966741,16,0,7.428003618542132
5.404853308861355,4,4,9.0,143,2.9,2,1.828857279096121,3,218.98211238953502,14,2,5.4272937421096445
3.5680864929418368,4,7,8.4,164,2.9,4,5.9804111451403665,2,234.51530866124526,12,1,5.876275721770438
8.054268850302684,5,6,9.5,186,4.2,2,6.774687179446191,4,300.09618157159076,16,0,7.131011348224423
3.072906386989705,3,6,9.4,107,2.1,3,7.334130798914569,2,175.58444729428948,12,1,5.715370607857456
4.670228496703543,3,5,8.8,176,4.7,4,4.35933833016483,2,247.90083546887558,12,1,5.991736289072965
1.2453356227515266,5,8,9.6,171,4.6,2,6.07293973925886,0,234.0720945909005,8,0,7.884011823862561
0.7408320624468463,3,8,7.6,186,4.0,2,5.056178274450218,0,227.51092391125007,8,0,5.188865488906259
9.645159939440289,4,4,7.3,142,3.8,3,7.0485043487702805,4,251.23403603867774,16,0,6.827127252417359
8.441811144865955,4,6,7.8,100,4.7,4,6.2520127059233666,4,204.9125082178127,16,0,6.557031763613294
7.111754957890131,4,5,7.2,150,2.6,3,5.731805976032214,4,238.49174862716936,16,0,5.530734289198085
4.385052971935564,3,7,8.6,123,2.2,2,3.245719301544238,2,193.9490027278009,12,1,5.912416893983408
2.146296040673035,4,6,9.8,198,2.7,2,1.0181666597341053,1,254.69761831498545,10,0,5.669761831498545
1.9861519053753174,5,5,7.1,123,4.4,4,2.5667350778028633,1,168.23931785970683,10,0,4.523931785970683
2.8773075325636555,5,5,7.4,116,2.1,2,2.0535943728175177,1,169.09885181973553,10,0,5.309885181973553
5.717653314708144,3,3,8.4,104,3.7,4,5.04176270509852,3,179.30387057531294,14,2,5.378847898236638
7.2886612656505925,5,7,9.8,119,5.0,3,6.510323356856602,4,230.07477516048965,16,0,6.942173447530603
6.771875078818447,5,3,7.9,120,4.6,4,2.9177650781632734,3,204.05164824779249,14,2,6.003689160556606
3.159372020986457,3,4,8.5,157,3.6,4,9.451513863704683,2,220.9522469634487,12,1,5.329353913620724
9.571220166300344,4,3,7.1,130,2.2,2,1.06013916301499,4,226.6599700749252,16,0,6.041248129682826
7.510020708609801,4,9,7.4,199,4.5,2,7.950709136488086,4,303.00622937361055,16,0,6.5003893358506595
5.766363498858307,4,3,10.0,110,3.8,4,6.62684292577398,3,199.07117237952744,14,2,6.362226598537674
6.311347089226346,3,9,9.9,151,2.3,2,4.361993209429137,3,249.53376652795447,14,2,7.0381261805681765
4.486200593064004,5,6,7.0,114,2.3,2,1.4544004997116713,2,179.07120549407955,12,1,5.4226004578399625
2.853444400260996,4,8,9.9,182,4.7,2,6.6473791460585145,1,257.29862392117576,10,0,7.529862392117576
3.881740447186985,4,5,8.9,106,4.0,4,4.470521615790832,2,175.25970600118214,12,1,5.7716421667651785
7.699538049411506,3,9,9.6,127,4.5,2,9.426404254718973,4,242.73591077737052,16,0,7.2334944235856575
0.6367381419826807,4,7,8.4,150,4.6,4,5.877910674007893,0,196.9107711468733,8,0,5.863846393359161
1.6026900848157042,3,3,8.5,157,3.7,2,9.456863601641574,1,206.50681608098802,10,0,4.950681608098802
0.9370250992066511,5,9,8.5,104,3.6,3,2.984353241259737,0,156.47273065554282,8,0,6.559091331942852
0.8869236220302164,3,7,9.0,104,3.3,2,7.531533193276929,0,155.39268876615714,8,0,6.424086095769642
8.626875548104568,3,8,7.4,193,3.0,2,6.555241187638531,4,298.8478661662943,16,0,6.6154916353933935
7.184749664110225,3,8,7.1,195,3.3,4,7.654674068481807,4,289.46000841560453,16,0,5.903750525975283
5.00465137632959,3,3,7.9,107,4.3,4,2.932010775752831,3,170.93522717426598,14,2,4.566801941018999
1.429424526184514,5,4,9.1,163,3.8,2,6.984950646139963,0,218.41282217868607,8,0,6.926602772335759
5.1703508136099074,5,3,7.6,109,4.7,3,5.482363537511821,3,182.586351815147,14,2,5.256167986796214
4.997981822415374,4,6,9.0,137,3.3,2,7.685424774156846,2,222.51199174055827,12,1,7.12599931171319
2.145417764145144,5,9,9.9,195,3.8,2,3.94340179736636,1,265.5784448092107,10,0,7.057844480921068
4.621590667760744,5,5,7.3,191,3.9,3,9.010513229187273,2,267.98849518586684,12,1,6.41570793215557
4.285794976775048,4,4,9.0,180,3.8,4,1.7587118315021533,2,246.9244275614536,12,1,5.5770356301211335
6.350575931496056,5,3,8.3,194,4.1,2,8.264703869120693,3,284.70166325564946,14,2,6.47869023254639
6.533389683242616,3,7,9.6,107,2.7,4,8.751876632335817,3,208.39493241444467,14,2,7.242495172460333
0.9303880928344229,3,4,7.5,124,3.5,4,8.35527080230139,0,163.47601094612747,8,0,4.934501368265934
4.058819838951477,4,9,9.1,172,2.3,3,5.614537548355984,2,253.3923650341458,12,1,6.782697086178817
6.445669199285246,4,4,9.5,165,3.2,3,4.945464820276852,3,256.48355082469726,14,2,6.5345393446212325
5.2797944565108335,4,9,9.8,178,3.5,4,9.966360578723892,3,279.1878965201725,14,2,7.227706894298036
8.636653491289062,3,3,9.0,149,4.0,2,3.062547560927459,4,247.68704927170367,16,0,6.1679405794814794
6.757589500379978,5,9,8.5,166,4.9,4,5.921883692884402,3,269.44354154236646,14,2,7.388824395883319
2.047877057273582,3,4,8.9,148,3.8,2,7.03607972844093,1,201.43713605085003,10,0,5.343713605085003
1.1704031003040836,4,7,9.6,135,4.2,2,7.307808722752887,0,194.32493788656203,8,0,7.415617235820253
6.6029831429599986,5,8,8.7,167,3.5,3,2.836221991647208,3,263.5781981311508,14,2,6.8984427236536305
0.7518574501454072,5,4,7.1,177,3.9,2,6.885946831058211,0,216.84377984775057,8,0,4.980472480968821
6.064868022097901,3,9,9.8,140,2.2,2,8.365326098332035,3,242.06693332428125,14,2,7.290495237448661
9.432187293537098,4,8,9.1,188,2.8,4,1.45016719139001,4,304.1327491353818,16,0,7.2582968209613625
5.96700468982085,3,9,9.0,161,3.1,3,9.203691639927849,3,259.5415749784586,14,2,7.038683927032756
4.187614298961958,5,7,7.6,109,3.4,2,1.2655364963068534,2,176.39921913615595,12,1,5.616601594679662
6.611238075202355,3,9,9.0,120,2.1,2,4.203739292395549,3,216.19551354021218,14,2,6.871108110015156
4.853402459669408,3,3,8.2,135,2.4,3,1.1423187660966585,2,196.54069782650024,12,1,5.128391485541687
5.683359498501382,4,5,9.0,111,2.8,4,1.6943065168562368,3,191.0083357632954,14,2,5.714881125949672
9.44391568337699,4,4,7.3,190,4.9,3,9.200514566620711,4,300.8520973169469,16,0,6.928256082309183
4.167975059107356,5,5,9.0,101,3.0,3,4.19374747671533,2,175.63442168793185,12,1,6.219535140660987
9.631310356327186,3,9,10.0,112,3.4,2,4.822943773825476,4,238.2848985113557,16,0,7.892806156959731
9.100831098582606,3,7,7.1,152,2.6,2,2.9380994324429737,4,252.71379793732532,16,0,6.294612371082833
2.3600157804983164,3,4,9.9,131,3.8,4,6.373861931680478,1,190.94091914150724,10,0,5.994091914150724
1.1589323583140718,5,9,8.2,194,2.8,2,6.353228932100107,0,251.80130226466272,8,0,7.22516278308284
1.4573910130855532,5,8,9.6,115,2.6,2,4.349803526426973,0,177.1838333943249,8,0,7.772979174290612
0.6731073436897224,4,6,9.3,131,3.5,3,3.997313846248585,0,177.88082951889066,8,0,5.860103689861333
1.3972081271813197,4,9,8.7,131,2.0,2,8.964678773625291,0,194.1246831778885,8,0,7.8905853972360624
6.98856434745539,4,5,9.2,197,2.0,4,4.449558156779812,3,292.5828520148129,14,2,6.8273465724866345
1.1762921603721754,3,4,9.6,110,2.7,3,5.441508929389674,0,157.57260067706193,8,0,5.946575084632741
3.530268487790732,3,5,8.2,109,2.1,4,3.5497428618243756,2,167.5667621950624,12,1,4.880563516255201
8.526315454209819,4,4,8.0,114,2.3,3,8.080925530214145,4,219.33191192899977,16,0,6.583244495562486
0.7210833894903457,3,9,9.0,116,3.0,2,4.577033412091825,0,165.63421723406051,8,0,6.204277154257564
8.237450584594889,4,3,9.4,139,4.4,3,5.622499418898921,4,243.3333538051075,16,0,6.520834612819218
3.1776203603472992,5,8,9.3,117,3.7,3,3.2802145305369526,2,189.8412846785838,12,1,6.07010705654865
1.6225658624057344,4,9,9.4,154,3.5,2,9.888936331071266,1,223.8139313958528,10,0,6.981393139585279
7.119003070959431,5,5,8.3,172,2.9,2,3.6234616683135057,4,265.8872170701457,16,0,5.867951066884107
6.474957044408898,3,6,9.5,124,4.8,4,7.936682778149965,3,221.20468052249612,14,2,6.94319146589258
8.835984128507002,4,6,7.4,158,3.2,4,4.8474608532108325,4,261.95906430787227,16,0,6.497441519242017
7.483174916136915,3,7,8.6,177,2.3,2,2.855956645757259,4,272.14933429773123,16,0,5.946833393608202
8.133068838656062,5,4,7.0,188,3.9,2,8.19746887568375,4,288.3607540227741,16,0,6.27254712642338
3.1793284394274117,5,5,8.0,121,2.3,2,4.002461101261389,2,182.43831916731136,12,1,5.11985993060928
2.185675665907367,5,7,8.1,129,3.0,3,8.7867401265803,1,194.1655155171294,10,0,6.516551551712939
7.6308401405881545,3,5,8.2,183,3.5,3,9.237314664260408,4,282.90269312109587,16,0,6.243918320068492
8.164930023039009,3,4,9.1,184,4.6,3,8.738414518521484,4,289.9270619620943,16,0,6.620441372630893
9.909798849006396,3,9,8.2,143,3.5,2,1.3150712332612509,4,257.25099764194306,16,0,7.140687352621441
4.419867930658551,3,9,8.3,131,4.1,4,8.086360105045951,2,211.98848360283733,12,1,6.7490403002364445
4.03417181503144,5,6,7.7,150,5.0,2,4.702055198492295,2,219.82645731799,12,1,5.818871443165833
7.87592312704897,5,9,8.1,145,2.4,3,8.863506281640026,4,259.8026444388518,16,0,7.175165277428238
3.7376336324036696,4,9,7.7,120,2.8,3,6.741588364162649,2,193.51345160547334,12,1,6.126120967122778
9.342194593233865,4,3,7.2,198,3.2,2,8.502788207295627,4,304.49173905681437,16,0,6.655733691050898
8.654921142508613,3,6,8.8,131,3.3,2,5.494885928801518,4,238.4816980332712,16,0,6.717606127079449
4.575443260062674,5,7,9.0,193,3.2,3,5.815229541390395,2,277.326390392587,12,1,7.027199199382248
7.633275144019225,5,8,8.9,138,4.7,3,2.299488689203005,4,243.01543418595833,16,0,6.563464636622395
7.668157303804482,5,3,8.4,111,4.1,3,8.055886228204198,4,212.42908777274215,16,0,6.339317985796384
1.4796767539413598,4,7,8.1,146,3.8,2,4.774506505002744,0,196.49917378903498,8,0,6.312396723629373
9.074252613455883,4,4,9.6,117,2.9,3,5.500721064444243,4,230.84510250431342,16,0,7.1153189065195885
5.299897538254643,5,3,8.6,120,4.5,3,8.065879426861368,3,203.4979994463292,14,2,5.964142817594943
8.351345928023544,5,7,8.4,112,4.9,4,6.389608600714951,4,224.39518032526078,16,0,7.024698770328799
3.5404712097908115,5,4,7.1,120,4.5,2,2.809888546984007,2,176.0386024988025,12,1,4.669883541566875
9.007470670713904,4,6,8.0,107,2.0,4,6.312093932358034,4,217.5279062642483,16,0,6.907994141515518
4.19741594797455,5,8,8.1,145,3.9,4,4.668695721816902,2,222.08237116652174,12,1,6.423530930543478
0.6029576890628344,5,4,8.2,106,2.2,3,5.225729878394764,0,147.6622563300948,8,0,5.207782041261851
9.101128775983005,3,9,8.7,122,2.8,2,1.25480146962401,4,232.19123241230008,16,0,6.886952025768755
1.3672234294682688,3,5,8.6,195,2.2,3,2.8902641456465346,0,237.27318365421596,8,0,5.2841479567769944
3.533479557108941,4,4,8.8,174,3.8,2,3.5293427324292543,2,236.5618505555154,12,1,5.21348754629295
9.525588686982648,5,4,9.3,185,4.1,4,7.416640070729252,4,306.829669601955,16,0,7.614354350122188
9.530767895906783,5,8,9.4,121,2.3,2,1.103432259683038,4,241.90129155677883,16,0,7.556330722298677
5.947659937171218,3,5,9.2,188,3.2,3,4.678995351062189,3,272.599772523963,14,2,6.042840894568785
6.502453515613093,4,9,9.9,121,3.4,3,9.316241833831596,3,231.49399087565212,14,2,7.892427919689437
4.760232458794038,3,7,7.1,191,3.1,3,2.0069255489421147,2,255.59224799376545,12,1,5.382687332813788
3.285502331131613,3,7,7.6,128,2.4,2,5.647819493967499,2,188.75574789000416,12,1,5.06297899083368
3.6223131810142015,3,4,7.0,112,3.3,4,8.078701441517623,2,170.09655761039005,12,1,4.8413798008658375
6.888925332731865,3,5,8.9,181,4.3,4,9.48278176768105,3,278.8355753133765,14,2,6.988255379526895
7.64755802965796,5,5,9.7,101,2.2,2,7.720989755803462,4,212.26194887096887,16,0,6.953871804435554
8.02000091539556,5,9,7.7,128,2.2,3,7.485089937799655,4,239.88764222986396,16,0,6.992977639366497
8.001372356548263,3,8,9.8,184,3.1,4,8.438392811761862,4,299.66856807002887,16,0,7.229285504376804
1.3664579789625586,4,6,7.2,178,4.8,3,5.015810988797893,0,221.4553803148973,8,0,5.431922539362162
5.196992894674524,4,7,9.8,151,4.0,2,8.252600793560497,3,244.95484434773692,14,2,6.711060310552638
1.0468082201581206,4,8,8.1,126,4.0,3,1.0716796427090602,0,169.48198522532854,8,0,5.435248153166068
5.720524382075488,4,3,7.3,149,3.1,4,9.321049498391243,3,228.2457693041908,14,2,5.660412093156485
4.694539763047081,3,7,8.5,194,3.8,4,4.989758585654577,2,269.5409559828585,12,1,6.29507966523821
8.933189736203849,5,8,7.8,178,2.0,3,5.9804216907917285,4,293.43615042581837,16,0,7.214759401613648
3.8336926192447476,4,7,7.9,122,3.9,2,3.293940240233941,2,188.11045131430888,12,1,5.509204276192406
1.6121366560622556,3,6,7.9,187,4.7,3,7.682777495563792,1,236.92125949184373,10,0,4.992125949184373
1.8584209795019406,4,3,9.4,143,3.8,2,1.6897222582772393,1,190.40195122343138,10,0,4.740195122343138
7.734351001315987,4,6,8.6,176,4.6,3,8.853722222921517,4,283.1553913449102,16,0,6.697211959056887
6.37307160150448,3,9,7.9,121,4.2,4,8.453051461057084,3,216.16415000362147,14,2,6.797439285972962
1.4606654231665073,5,3,8.8,142,2.4,2,2.9445410462028976,0,188.1021349546364,8,0,5.76276686932955
1.2990146580924757,5,4,9.1,136,4.7,2,8.28391958456736,0,192.31799664159084,8,0,7.039749580198855
7.1592067488616395,3,8,7.8,160,2.2,2,8.077219597553334,4,258.3894833872231,16,0,6.149342711701443
1.1912485604598384,5,3,8.2,196,3.6,4,6.689949379785541,0,242.56491255335703,8,0,5.820614069169629
8.307670563258384,3,9,7.4,155,2.4,3,4.361681592097188,4,257.0038868942128,16,0,6.375242930888302
7.209301157986714,3,9,7.5,102,2.0,4,3.4434887876368108,4,194.33964244534894,16,0,5.771227652834309
1.2728134160980478,3,6,9.0,162,3.3,2,3.08605231260415,0,207.81158579769058,8,0,5.726448224711323
1.305958283809323,5,7,7.5,118,2.9,3,3.8674806648724647,0,165.7488872677833,8,0,5.968610908472911
9.873075995761166,3,3,8.6,122,3.5,4,9.132025990892773,4,237.68264695242848,16,0,7.23016543452678
4.055572559683143,4,8,9.1,128,3.7,2,1.6987669838990316,2,201.4927309533137,12,1,6.124394246109475
4.021100397135464,5,3,7.3,129,2.1,2,8.459841486276627,2,196.35856540649866,12,1,5.613213783874888
8.221595888946275,5,5,8.7,138,2.4,4,4.140010675376412,4,243.4827831246348,16,0,6.592673945289675
9.498861485146657,5,7,7.8,124,3.7,4,5.6943945641022236,4,241.53248372732656,16,0,7.34578023295791
9.867010106317274,5,8,9.9,107,3.0,4,8.150370702836415,4,243.6616369047928,16,0,8.54135230654955
7.657092759959945,4,8,8.5,157,4.2,2,8.959388923206742,4,267.19582546448964,16,0,6.887239091530603
4.074466062543699,5,4,9.4,115,4.0,4,4.103032780653823,2,188.75027767133034,12,1,6.145856472610862
1.2932568086373533,5,6,8.7,171,4.5,2,5.156591331475993,0,224.5809414663128,8,0,6.697617683289099
7.882895701310649,3,4,7.1,100,4.1,4,4.730644583351131,4,187.6591324855119,16,0,5.478695780344493
5.804840372490148,5,8,8.9,104,3.3,2,1.119259301535195,3,192.61761193222398,14,2,6.329829423730284
4.530109087846275,4,7,9.9,102,4.0,2,3.6634859997279094,2,184.23610170236205,12,1,6.853008475196837
9.110366658399991,4,3,8.8,164,2.8,3,5.132703103593056,4,271.5819879225895,16,0,6.723874245161845
1.5563760819084378,4,3,9.5,103,2.9,4,4.699842479923958,1,153.00077237515345,10,0,5.000077237515344
5.179938490763162,4,7,9.7,198,4.4,4,7.497363047641115,3,290.18555249756696,14,2,6.584682321254783
0.6078596252904811,5,8,7.7,195,3.3,2,4.463232554989929,0,241.05772583480874,8,0,5.757215729351092
4.9522760989442,5,9,7.6,163,4.4,2,5.404388040736032,2,246.72479085265763,12,1,6.9770659043881365
1.034881118977455,4,3,8.8,197,4.5,2,4.86647732919127,0,239.57876494560657,8,0,5.322345618200821
1.6287702045466832,4,9,8.2,188,4.6,3,7.6656353400493344,1,248.52861464644747,10,0,6.052861464644747
1.6164993443824964,5,3,9.5,109,4.7,3,8.766751590882663,1,168.58212214138396,10,0,5.958212214138396
6.667497870102604,4,3,9.7,120,3.3,2,5.787001711067627,3,213.52048552742227,14,2,6.680034680530162
7.587426353021521,3,6,8.1,145,3.0,4,8.10488974775672,4,244.35674544580723,16,0,6.209796590362952
6.0420032684230165,4,6,7.7,190,3.7,4,3.671080138178655,3,271.3426463546521,14,2,5.810189025332294
9.640639210508148,4,5,9.3,126,3.1,3,5.872326491415418,4,245.4336034211883,16,0,7.464600213824269
4.061270505475189,3,4,7.8,165,3.8,3,4.107069583029752,2,224.65076841834613,12,1,4.970897368195511
3.214264819677677,3,7,9.5,140,4.1,2,4.727808330146473,2,208.3058310526411,12,1,5.692152587720092
8.751691717799872,5,7,8.3,112,4.1,4,7.591724783314017,4,228.90112091737,16,0,7.3063200573356255
2.6241604659348,5,7,9.0,108,3.1,2,8.934962340994414,1,181.39572723897,10,0,7.339572723897001
9.650614124685807,3,5,7.3,135,2.5,3,2.0934585197898885,4,235.8451007771713,16,0,6.302818798573206
0.6154675095532552,3,6,8.9,185,3.3,4,6.711753308386425,0,230.4913700390057,8,0,5.686421254875711
9.71384885372257,5,8,8.4,189,2.4,4,6.239294268200187,4,314.0697322320808,16,0,7.816858264505051
0.9100191635304731,4,9,8.8,157,4.7,3,2.065735352583387,0,206.3787563371189,8,0,6.172344542139861
8.965859580131676,3,9,7.5,153,3.0,2,2.9070489739609817,4,258.5874501019949,16,0,6.59921563137468
5.513160536319849,5,8,9.2,111,2.5,2,3.7990224525941225,3,202.80381796944997,14,2,6.557415569246426
9.933165563133354,4,5,9.6,180,2.1,4,2.5023796373575133,4,298.2188939611031,16,0,7.388680872568944
1.2010673649862893,3,8,7.7,177,3.9,3,3.193565342719076,0,219.89888693396892,8,0,5.362360866746116
5.761615701812548,4,7,7.3,113,3.9,4,3.4084071897553674,3,191.70553639913345,14,2,5.621824028509532
9.70837408838144,5,4,7.1,133,3.0,3,4.021064497351537,4,240.19858945307882,16,0,6.6999118408174265
5.469429519616414,3,3,8.9,152,2.2,2,7.744514075210431,3,231.87220726974695,14,2,5.705157662124782
6.479287062284994,4,9,8.8,119,3.2,3,6.147209834655406,3,219.05511125026308,14,2,7.146793660733077
7.109612545353863,3,6,8.6,174,2.9,2,9.876220047562613,4,274.6912304341748,16,0,6.293201902135927
4.818140115293845,4,6,7.7,115,4.0,3,4.732622442707239,2,188.1440545864116,12,1,6.095337882200968
6.461801760798602,5,5,8.2,194,3.8,4,7.7847856645323255,3,288.3715925831873,14,2,6.740828041656235
6.0509859632694525,5,6,8.8,169,3.1,2,8.843215792388804,3,266.6727113947388,14,2,6.976622242481345
9.061001099664395,3,7,8.5,155,2.7,4,7.110806437342378,4,268.6542184533287,16,0,7.103388653333045
0.9317406132438497,4,9,10.0,182,5.0,4,4.706782663757464,0,241.514098901587,8,0,7.439262362698376
3.169150301126188,3,8,7.4,157,3.4,2,7.782351676711777,2,221.02672992407716,12,1,5.33556082700643
9.528909098727308,3,7,9.1,103,4.1,2,2.833004239954164,4,216.9807791497497,16,0,7.123798696859357
8.957505946963705,4,5,8.2,103,2.4,4,3.947969486621192,4,208.58200180564145,16,0,6.598875112852591
4.828739151464273,4,7,8.3,119,3.5,4,5.920167295893599,2,199.01016415555458,12,1,6.667513679629548
6.391259679114599,4,8,9.2,109,2.1,4,6.178684485575335,3,208.39810416127978,14,2,7.099864582948555
3.1351212383207603,5,4,9.1,123,3.5,4,1.1992732792536651,2,183.37987982544658,12,1,5.031656652120549
2.2871510173757326,3,5,10.0,198,4.9,2,9.506027698804079,1,264.556249687212,10,0,6.6556249687212015
4.905134846929831,3,4,7.4,125,3.2,2,7.26964544095651,2,194.14554693687342,12,1,5.762128911406118
3.856846166247502,5,3,7.3,136,2.1,4,5.46133375208702,2,197.54676995811053,12,1,5.128897496509211
6.044733062583285,4,4,9.2,184,2.1,3,9.398145109674775,3,277.45508216517845,14,2,6.675363011798461
1.238479051167356,5,3,8.7,153,3.2,3,4.951860087257456,0,199.83562254022505,8,0,5.854452817528131
9.756750672828582,5,3,7.8,120,2.5,2,9.823920132433345,4,237.78988558127867,16,0,7.361867848829917
9.869002072556228,5,4,7.2,173,2.1,4,5.610562815191366,4,284.36786080323685,16,0,6.960491300202303
